{"cameraMode":{"drawMode":0,"name":"Shaded","section":"Shading Mode"},"sceneLighting":true,"audioPlay":false,"sceneViewState":{"showFog":true,"showMaterialUpdate":false,"showSkybox":true,"showFlares":true,"showImageEffects":true,"showParticleSystems":true},"in2DMode":false,"pivot":{"x":11.33677864074707,"y":20.566280364990236,"z":35.4063720703125},"rotation":{"x":0.04428175464272499,"y":0.9464146494865418,"z":-0.2837727963924408,"w":0.1476871520280838},"size":45.092926025390628,"orthographic":false}