{"cameraMode":{"drawMode":0,"name":"Shaded","section":"Shading Mode"},"sceneLighting":true,"audioPlay":false,"sceneViewState":{"showFog":true,"showMaterialUpdate":false,"showSkybox":true,"showFlares":true,"showImageEffects":true,"showParticleSystems":true},"in2DMode":false,"pivot":{"x":4.339012145996094,"y":39.39714813232422,"z":26.335323333740236},"rotation":{"x":0.07718714326620102,"y":0.8950009346008301,"z":-0.17064021527767182,"w":0.40484240651130679},"size":26.803640365600587,"orthographic":true}