{"cameraMode":{"drawMode":0,"name":"Shaded","section":"Shading Mode"},"sceneLighting":false,"audioPlay":false,"sceneViewState":{"showFog":true,"showMaterialUpdate":false,"showSkybox":false,"showFlares":true,"showImageEffects":true,"showParticleSystems":true},"in2DMode":false,"pivot":{"x":0.9998680353164673,"y":0.6419942378997803,"z":0.0005097240209579468},"rotation":{"x":-0.180001899600029,"y":0.796890914440155,"z":-0.2866625189781189,"w":-0.5003886818885803},"size":2.621659517288208,"orthographic":false}