{"cameraMode":{"drawMode":0,"name":"Shaded","section":"Shading Mode"},"sceneLighting":true,"audioPlay":false,"sceneViewState":{"showFog":true,"showMaterialUpdate":false,"showSkybox":true,"showFlares":true,"showImageEffects":true,"showParticleSystems":true},"in2DMode":false,"pivot":{"x":1.6443023681640626,"y":49.17432403564453,"z":60.88273239135742},"rotation":{"x":0.26791292428970339,"y":-0.7012506723403931,"z":0.32740750908851626,"w":0.5738244652748108},"size":22.21857261657715,"orthographic":false}