{"cameraMode":{"drawMode":0,"name":"Shaded","section":"Shading Mode"},"sceneLighting":false,"audioPlay":false,"sceneViewState":{"showFog":true,"showMaterialUpdate":false,"showSkybox":false,"showFlares":true,"showImageEffects":true,"showParticleSystems":true},"in2DMode":false,"pivot":{"x":-0.03348183631896973,"y":0.9527715444564819,"z":-0.120968759059906},"rotation":{"x":0.07718714326620102,"y":0.8950009346008301,"z":-0.17064021527767182,"w":0.40484240651130679},"size":6.004356384277344,"orthographic":true}