{"cameraMode":{"drawMode":0,"name":"Shaded","section":"Shading Mode"},"sceneLighting":true,"audioPlay":false,"sceneViewState":{"showFog":true,"showMaterialUpdate":false,"showSkybox":true,"showFlares":true,"showImageEffects":true,"showParticleSystems":true},"in2DMode":false,"pivot":{"x":7.776861190795898,"y":53.769256591796878,"z":40.01515579223633},"rotation":{"x":-0.180001899600029,"y":0.796890914440155,"z":-0.2866625189781189,"w":-0.5003886818885803},"size":-5.3196210861206059,"orthographic":false}