{"cameraMode":{"drawMode":0,"name":"Shaded","section":"Shading Mode"},"sceneLighting":true,"audioPlay":false,"sceneViewState":{"showFog":true,"showMaterialUpdate":false,"showSkybox":true,"showFlares":true,"showImageEffects":true,"showParticleSystems":true},"in2DMode":false,"pivot":{"x":-35.7861328125,"y":48.8427734375,"z":40.6552734375},"rotation":{"x":0.09316439926624298,"y":0.8731239438056946,"z":-0.18418115377426148,"w":0.44164732098579409},"size":9.365177154541016,"orthographic":true}