{"cameraMode":{"drawMode":0,"name":"Shaded","section":"Shading Mode"},"sceneLighting":true,"audioPlay":false,"sceneViewState":{"showFog":true,"showMaterialUpdate":false,"showSkybox":true,"showFlares":true,"showImageEffects":true,"showParticleSystems":true},"in2DMode":false,"pivot":{"x":130.55026245117188,"y":-13.475688934326172,"z":-64.94990539550781},"rotation":{"x":0.07577411830425263,"y":0.8538538217544556,"z":-0.12983258068561555,"w":0.4983326196670532},"size":207.26158142089845,"orthographic":false}