{"cameraMode":{"drawMode":0,"name":"Shaded","section":"Shading Mode"},"sceneLighting":true,"audioPlay":false,"sceneViewState":{"showFog":true,"showMaterialUpdate":false,"showSkybox":true,"showFlares":true,"showImageEffects":true,"showParticleSystems":true},"in2DMode":false,"pivot":{"x":-19.178373336791993,"y":31.82284927368164,"z":25.556140899658204},"rotation":{"x":-0.180001899600029,"y":0.796890914440155,"z":-0.2866625189781189,"w":-0.5003886818885803},"size":18.768735885620118,"orthographic":false}