{"cameraMode":{"drawMode":0,"name":"Shaded","section":"Shading Mode"},"sceneLighting":true,"audioPlay":false,"sceneViewState":{"showFog":true,"showMaterialUpdate":false,"showSkybox":true,"showFlares":true,"showImageEffects":true,"showParticleSystems":true},"in2DMode":false,"pivot":{"x":5.157691955566406,"y":-3.242155075073242,"z":31.608966827392579},"rotation":{"x":0.084827721118927,"y":-0.8823032379150391,"z":0.4288148283958435,"w":0.17453697323799134},"size":92.25991821289063,"orthographic":false}