{"cameraMode":{"drawMode":0,"name":"Shaded","section":"Shading Mode"},"sceneLighting":false,"audioPlay":false,"sceneViewState":{"showFog":true,"showMaterialUpdate":false,"showSkybox":true,"showFlares":true,"showImageEffects":true,"showParticleSystems":true},"in2DMode":false,"pivot":{"x":2.5923423767089845,"y":0.8799999952316284,"z":-2.0765514373779299},"rotation":{"x":0.0847272276878357,"y":0.8897331953048706,"z":-0.18435361981391908,"w":0.40891319513320925},"size":1.7578516006469727,"orthographic":false}