{"cameraMode":{"drawMode":0,"name":"Shaded","section":"Shading Mode"},"sceneLighting":true,"audioPlay":false,"sceneViewState":{"showFog":true,"showMaterialUpdate":false,"showSkybox":true,"showFlares":true,"showImageEffects":true,"showParticleSystems":true},"in2DMode":false,"pivot":{"x":-7.3408203125,"y":32.39990234375,"z":17.18359375},"rotation":{"x":0.07718714326620102,"y":0.8950009346008301,"z":-0.17064021527767182,"w":0.40484240651130679},"size":14.22396469116211,"orthographic":true}