{"cameraMode":{"drawMode":0,"name":"Shaded","section":"Shading Mode"},"sceneLighting":true,"audioPlay":false,"sceneViewState":{"showFog":true,"showMaterialUpdate":false,"showSkybox":true,"showFlares":true,"showImageEffects":true,"showParticleSystems":true},"in2DMode":false,"pivot":{"x":7.548326015472412,"y":41.789329528808597,"z":67.74520874023438},"rotation":{"x":-0.06359799951314926,"y":0.8563339710235596,"z":-0.10874507576227188,"w":-0.5008212924003601},"size":6.043217182159424,"orthographic":false}