{"cameraMode":{"drawMode":0,"name":"Shaded","section":"Shading Mode"},"sceneLighting":true,"audioPlay":false,"sceneViewState":{"showFog":true,"showMaterialUpdate":false,"showSkybox":true,"showFlares":true,"showImageEffects":true,"showParticleSystems":true},"in2DMode":false,"pivot":{"x":-0.6899999380111694,"y":40.04999923706055,"z":52.709999084472659},"rotation":{"x":0.011745135299861431,"y":0.9813477993011475,"z":-0.18100792169570924,"w":0.06367664784193039},"size":57.42661666870117,"orthographic":true}