{"cameraMode":{"drawMode":0,"name":"Shaded","section":"Shading Mode"},"sceneLighting":true,"audioPlay":false,"sceneViewState":{"showFog":true,"showMaterialUpdate":false,"showSkybox":true,"showFlares":true,"showImageEffects":true,"showParticleSystems":true},"in2DMode":false,"pivot":{"x":19.63799476623535,"y":30.724464416503908,"z":48.082191467285159},"rotation":{"x":0.07718714326620102,"y":0.8950009346008301,"z":-0.17064021527767182,"w":0.40484240651130679},"size":32.72124481201172,"orthographic":true}