{"cameraMode":{"drawMode":0,"name":"Shaded","section":"Shading Mode"},"sceneLighting":false,"audioPlay":false,"sceneViewState":{"showFog":true,"showMaterialUpdate":false,"showSkybox":false,"showFlares":true,"showImageEffects":true,"showParticleSystems":true},"in2DMode":false,"pivot":{"x":0.0,"y":0.04184448719024658,"z":0.3985750079154968},"rotation":{"x":0.26791292428970339,"y":-0.7012506723403931,"z":0.32740750908851626,"w":0.5738244652748108},"size":3.4145302772521974,"orthographic":false}