{"cameraMode":{"drawMode":0,"name":"Shaded","section":"Shading Mode"},"sceneLighting":true,"audioPlay":false,"sceneViewState":{"showFog":true,"showMaterialUpdate":false,"showSkybox":true,"showFlares":true,"showImageEffects":true,"showParticleSystems":true},"in2DMode":false,"pivot":{"x":-3.9773941040039064,"y":34.15691375732422,"z":20.706417083740236},"rotation":{"x":0.07718714326620102,"y":0.8950009346008301,"z":-0.17064021527767182,"w":0.40484240651130679},"size":13.962746620178223,"orthographic":true}