{"cameraMode":{"drawMode":0,"name":"Shaded","section":"Shading Mode"},"sceneLighting":true,"audioPlay":false,"sceneViewState":{"showFog":true,"showMaterialUpdate":false,"showSkybox":true,"showFlares":true,"showImageEffects":true,"showParticleSystems":true},"in2DMode":false,"pivot":{"x":-28.51555061340332,"y":52.475215911865237,"z":49.167938232421878},"rotation":{"x":0.09316439926624298,"y":0.8731239438056946,"z":-0.18418115377426148,"w":0.44164732098579409},"size":36.2365608215332,"orthographic":true}