{"cameraMode":{"drawMode":0,"name":"Shaded","section":"Shading Mode"},"sceneLighting":false,"audioPlay":false,"sceneViewState":{"showFog":true,"showMaterialUpdate":false,"showSkybox":true,"showFlares":true,"showImageEffects":true,"showParticleSystems":true},"in2DMode":false,"pivot":{"x":-55.459999084472659,"y":16.40999984741211,"z":56.04999923706055},"rotation":{"x":0.01979055255651474,"y":0.6065160036087036,"z":-0.015104418620467186,"w":0.7946814298629761},"size":5.715778350830078,"orthographic":false}