{"cameraMode":{"drawMode":0,"name":"Shaded","section":"Shading Mode"},"sceneLighting":false,"audioPlay":false,"sceneViewState":{"showFog":true,"showMaterialUpdate":false,"showSkybox":false,"showFlares":true,"showImageEffects":true,"showParticleSystems":true},"in2DMode":false,"pivot":{"x":-0.1104891300201416,"y":1.11138916015625,"z":0.618180513381958},"rotation":{"x":-0.025658471509814264,"y":0.9731466770172119,"z":-0.1354605257511139,"w":-0.18433040380477906},"size":2.104355573654175,"orthographic":false}