{"cameraMode":{"drawMode":0,"name":"Shaded","section":"Shading Mode"},"sceneLighting":true,"audioPlay":false,"sceneViewState":{"showFog":true,"showMaterialUpdate":false,"showSkybox":true,"showFlares":true,"showImageEffects":true,"showParticleSystems":true},"in2DMode":false,"pivot":{"x":-58.53923797607422,"y":22.778759002685548,"z":28.824804306030275},"rotation":{"x":-0.00635193008929491,"y":0.8482545018196106,"z":0.01018109917640686,"w":0.529452919960022},"size":88.59967041015625,"orthographic":false}