{"cameraMode":{"drawMode":0,"name":"Shaded","section":"Shading Mode"},"sceneLighting":true,"audioPlay":false,"sceneViewState":{"showFog":true,"showMaterialUpdate":false,"showSkybox":true,"showFlares":true,"showImageEffects":true,"showParticleSystems":true},"in2DMode":false,"pivot":{"x":-59.90916442871094,"y":26.211645126342775,"z":21.610599517822267},"rotation":{"x":-0.0027375943027436735,"y":0.7936486601829529,"z":0.0035714786499738695,"w":0.6083598136901856},"size":89.98323822021485,"orthographic":false}