{"cameraMode":{"drawMode":0,"name":"Shaded","section":"Shading Mode"},"sceneLighting":false,"audioPlay":false,"sceneViewState":{"showFog":true,"showMaterialUpdate":false,"showSkybox":true,"showFlares":true,"showImageEffects":true,"showParticleSystems":true},"in2DMode":false,"pivot":{"x":2.5923423767089845,"y":0.8799999952316284,"z":-2.0765514373779299},"rotation":{"x":0.010419588536024094,"y":0.966018557548523,"z":-0.2552340626716614,"w":0.0394362211227417},"size":7.16645622253418,"orthographic":false}