{"cameraMode":{"drawMode":0,"name":"Shaded","section":"Shading Mode"},"sceneLighting":false,"audioPlay":false,"sceneViewState":{"showFog":true,"showMaterialUpdate":false,"showSkybox":true,"showFlares":true,"showImageEffects":true,"showParticleSystems":true},"in2DMode":false,"pivot":{"x":28.75,"y":20.270000457763673,"z":-69.86000061035156},"rotation":{"x":-0.19652780890464784,"y":0.6500329971313477,"z":-0.17948094010353089,"w":-0.7117728590965271},"size":1.7578500509262086,"orthographic":false}