{"cameraMode":{"drawMode":0,"name":"Shaded","section":"Shading Mode"},"sceneLighting":false,"audioPlay":false,"sceneViewState":{"showFog":true,"showMaterialUpdate":false,"showSkybox":true,"showFlares":true,"showImageEffects":true,"showParticleSystems":true},"in2DMode":false,"pivot":{"x":-55.459999084472659,"y":16.40999984741211,"z":56.04999923706055},"rotation":{"x":0.06862617284059525,"y":0.9189949631690979,"z":-0.341522753238678,"w":0.18466448783874513},"size":5.715778350830078,"orthographic":false}