{"cameraMode":{"drawMode":0,"name":"Shaded","section":"Shading Mode"},"sceneLighting":false,"audioPlay":false,"sceneViewState":{"showFog":true,"showMaterialUpdate":false,"showSkybox":true,"showFlares":true,"showImageEffects":true,"showParticleSystems":true},"in2DMode":false,"pivot":{"x":-10.0,"y":37.619998931884769,"z":25.741682052612306},"rotation":{"x":-0.10839979350566864,"y":0.8877914547920227,"z":-0.26967117190361025,"w":-0.3568659722805023},"size":17.147310256958009,"orthographic":false}