{"cameraMode":{"drawMode":0,"name":"Shaded","section":"Shading Mode"},"sceneLighting":false,"audioPlay":false,"sceneViewState":{"showFog":true,"showMaterialUpdate":false,"showSkybox":true,"showFlares":true,"showImageEffects":true,"showParticleSystems":true},"in2DMode":false,"pivot":{"x":-88.53734588623047,"y":18.450000762939454,"z":8.201728820800782},"rotation":{"x":-0.10839979350566864,"y":0.8877914547920227,"z":-0.26967117190361025,"w":-0.3568659722805023},"size":1.757851243019104,"orthographic":false}