{"cameraMode":{"drawMode":0,"name":"Shaded","section":"Shading Mode"},"sceneLighting":false,"audioPlay":false,"sceneViewState":{"showFog":true,"showMaterialUpdate":false,"showSkybox":true,"showFlares":true,"showImageEffects":true,"showParticleSystems":true},"in2DMode":false,"pivot":{"x":-58.599998474121097,"y":16.299999237060548,"z":66.83000183105469},"rotation":{"x":0.06862617284059525,"y":0.9189949631690979,"z":-0.341522753238678,"w":0.18466448783874513},"size":6.803123950958252,"orthographic":false}