{"cameraMode":{"drawMode":0,"name":"Shaded","section":"Shading Mode"},"sceneLighting":true,"audioPlay":false,"sceneViewState":{"showFog":true,"showMaterialUpdate":false,"showSkybox":true,"showFlares":true,"showImageEffects":true,"showParticleSystems":true},"in2DMode":false,"pivot":{"x":-4.3373026847839359,"y":30.29390525817871,"z":13.775192260742188},"rotation":{"x":-0.04787224903702736,"y":0.9416898488998413,"z":-0.29626893997192385,"w":-0.15216174721717835},"size":41.02585220336914,"orthographic":false}