{"cameraMode":{"drawMode":0,"name":"Shaded","section":"Shading Mode"},"sceneLighting":true,"audioPlay":false,"sceneViewState":{"showFog":true,"showMaterialUpdate":false,"showSkybox":true,"showFlares":true,"showImageEffects":true,"showParticleSystems":true},"in2DMode":false,"pivot":{"x":-12.153785705566407,"y":30.18010711669922,"z":1.3907699584960938},"rotation":{"x":0.008206899277865887,"y":0.9801101088523865,"z":-0.1938968002796173,"w":0.04148431494832039},"size":37.43792724609375,"orthographic":false}